{"cameraMode":{"drawMode":0,"name":"Shaded","section":"Shading Mode"},"sceneLighting":false,"audioPlay":false,"sceneViewState":{"m_AlwaysRefresh":false,"showFog":true,"showSkybox":false,"showFlares":true,"showImageEffects":true,"showParticleSystems":true,"showVisualEffectGraphs":true,"m_FxEnabled":true},"in2DMode":false,"pivot":{"x":2.9188191890716554,"y":0.39414113759994509,"z":3.3363935947418215},"rotation":{"x":0.19121679663658143,"y":0.23589201271533967,"z":-0.047464676201343539,"w":0.9516359567642212},"size":1.2384437322616578,"orthographic":false}