{"cameraMode":{"drawMode":0,"name":"Shaded","section":"Shading Mode"},"sceneLighting":false,"audioPlay":false,"sceneViewState":{"m_AlwaysRefresh":false,"showFog":true,"showSkybox":false,"showFlares":true,"showImageEffects":true,"showParticleSystems":true,"showVisualEffectGraphs":true,"m_FxEnabled":true},"in2DMode":false,"pivot":{"x":-0.06543958187103272,"y":-4.242830276489258,"z":1.766273856163025},"rotation":{"x":0.5889382362365723,"y":-0.03276003524661064,"z":0.023800255730748178,"w":0.8072118163108826},"size":5.095525741577148,"orthographic":false}