{"cameraMode":{"drawMode":0,"name":"Shaded","section":"Shading Mode"},"sceneLighting":false,"audioPlay":false,"sceneViewState":{"m_AlwaysRefresh":false,"showFog":true,"showSkybox":false,"showFlares":true,"showImageEffects":true,"showParticleSystems":true,"showVisualEffectGraphs":true,"m_FxEnabled":true},"in2DMode":false,"pivot":{"x":-0.15686553716659547,"y":-0.26117128133773806,"z":0.36090925335884097},"rotation":{"x":-0.22611874341964723,"y":0.16045144200325013,"z":-0.037804920226335528,"w":-0.9600643515586853},"size":0.8516286611557007,"orthographic":false}