{"cameraMode":{"drawMode":0,"name":"Shaded","section":"Shading Mode"},"sceneLighting":false,"audioPlay":false,"sceneViewState":{"m_AlwaysRefresh":false,"showFog":true,"showSkybox":false,"showFlares":true,"showImageEffects":true,"showParticleSystems":true,"showVisualEffectGraphs":true,"m_FxEnabled":true},"in2DMode":false,"pivot":{"x":0.044719379395246509,"y":0.6674317121505737,"z":1.0387731790542603},"rotation":{"x":0.4787900149822235,"y":0.039453811943531039,"z":-0.02160724066197872,"w":0.8768192529678345},"size":2.2808098793029787,"orthographic":false}