{"cameraMode":{"drawMode":0,"name":"Shaded","section":"Shading Mode"},"sceneLighting":false,"audioPlay":false,"sceneViewState":{"m_AlwaysRefresh":false,"showFog":true,"showSkybox":false,"showFlares":true,"showImageEffects":true,"showParticleSystems":true,"showVisualEffectGraphs":true,"m_FxEnabled":true},"in2DMode":false,"pivot":{"x":0.023417659103870393,"y":0.3449292480945587,"z":0.8654921650886536},"rotation":{"x":0.5611950159072876,"y":0.0036936006508767606,"z":-0.0025662770494818689,"w":0.8277164697647095},"size":1.8268442153930665,"orthographic":false}