{"cameraMode":{"drawMode":0,"name":"Shaded","section":"Shading Mode"},"sceneLighting":false,"audioPlay":false,"sceneViewState":{"m_AlwaysRefresh":false,"showFog":true,"showSkybox":false,"showFlares":true,"showImageEffects":true,"showParticleSystems":true,"showVisualEffectGraphs":true,"m_FxEnabled":true},"in2DMode":false,"pivot":{"x":-0.10309428721666336,"y":0.2273740917444229,"z":0.22222626209259034},"rotation":{"x":0.4787900149822235,"y":0.039453811943531039,"z":-0.02160724066197872,"w":0.8768192529678345},"size":1.1135427951812745,"orthographic":false}