{"cameraMode":{"drawMode":0,"name":"Shaded","section":"Shading Mode"},"sceneLighting":false,"audioPlay":false,"sceneViewState":{"m_AlwaysRefresh":false,"showFog":true,"showSkybox":false,"showFlares":true,"showImageEffects":true,"showParticleSystems":true,"showVisualEffectGraphs":true,"m_FxEnabled":true},"in2DMode":false,"pivot":{"x":0.07727567106485367,"y":1.8421870470046998,"z":0.1173824816942215},"rotation":{"x":0.5184205174446106,"y":0.05632186308503151,"z":-0.03431103378534317,"w":0.8526177406311035},"size":0.9862776398658752,"orthographic":false}